tweet_id,retweet_count,favorite_count
892420643555336193,8409,38315
892177421306343426,6199,32840
891815181378084864,4100,24741
891689557279858688,8536,41660
891327558926688256,9260,39824
891087950875897856,3076,19998
890971913173991426,2042,11704
890729181411237888,18648,64676
890609185150312448,4215,27491
890240255349198849,7300,31544
890006608113172480,7244,30298
889880896479866881,4918,27460
889665388333682689,9942,47551
889638837579907072,4489,26856
889531135344209921,2213,14911
889278841981685760,5354,24999
888917238123831296,4445,28751
888804989199671297,4270,25284
888554962724278272,3530,19642
888078434458587136,3453,21500
887705289381826560,5321,29808
887517139158093824,11526,45725
887473957103951883,17972,68275
887343217045368832,10285,33290
887101392804085760,5891,30195
886983233522544640,7686,34740
886736880519319552,3250,11910
886680336477933568,4410,22161
886366144734445568,3163,20941
886258384151887873,6210,27666
885984800019947520,6726,32311
885528943205470208,6357,35577
885167619883638784,4333,21675
884925521741709313,18225,76581
884876753390489601,5720,27603
884562892145688576,4813,24033
884441805382717440,5592,26689
884162670584377345,2952,20130
883838122936631299,3408,21659
883482846933004288,9851,45418
883360690899218434,3636,22323
883117836046086144,6605,36774
882992080364220416,3874,23682
882762694511734784,4863,27984
882627270321602560,6020,27591
882268110199369728,11473,44450
882045870035918850,4918,29015
881906580714921986,3363,24038
881666595344535552,10550,49996
881536004380872706,15793,48888
881268444196462592,5113,22829
880935762899988482,2755,16826
880872448815771648,3779,21041
880465832366813184,6217,28224
880221127280381952,4169,26766
880095782870896641,4319,27338
879862464715927552,3463,22088
879492040517615616,3157,23159
879415818425184262,43792,104721
879376492567855104,3093,16594
879050749262655488,4681,22331
879008229531029506,2670,18780
878776093423087618,4093,19211
878281511006478336,1280,7670
878057613040115712,6768,41589
877736472329191424,18936,78981
877556246731214848,3778,22486
877316821321428993,5134,27076
877201837425926144,5539,26836
876838120628539392,3323,20458
876484053909872640,2379,18559
876120275196170240,4656,27629
875747767867523072,4263,24938
875144289856114688,4897,21710
875021211251597312,4687,25223
874680097055178752,4619,27576
874296783580663808,4090,25823
874057562936811520,3939,22449
874012996292530176,10388,34317
873580283840344065,3938,24023
873213775632977920,1583,7185
872967104147763200,5392,27158
872820683541237760,3690,14605
872620804844003328,3694,20629
872486979161796608,8999,40383
872261713294495745,6319,33971
872122724285648897,8116,34251
871879754684805121,11188,37803
871762521631449091,3477,20162
871515927908634625,3456,20117
871032628920680449,3821,22557
870804317367881728,6227,33474
870656317836468226,2658,12366
870374049280663552,26331,82438
870308999962521604,4173,21763
870063196459192321,8401,36593
869772420881756160,10090,42325
869702957897576449,6379,28205
869596645499047938,3149,15955
869227993411051520,3810,20415
868880397819494401,14625,65650
868622495443632128,5842,27216
868552278524837888,2114,10152
867900495410671616,4216,24215
867774946302451713,7417,34063
867421006826221569,2536,16155
867051520902168576,7961,32337
866686824827068416,3531,19409
866450705531457537,35762,122815
866334964761202691,14670,52836
865718153858494464,5697,25760
865359393868664832,5081,26642
865006731092295680,7812,28202
864873206498414592,8872,32505
864279568663928832,3092,14732
864197398364647424,9111,30393
863907417377173506,4219,20792
863553081350529029,4253,15432
863432100342583297,5364,24032
863079547188785154,1119,8844
863062471531167744,2509,8615
862831371563274240,5186,19353
862722525377298433,3607,17243
862457590147678208,5063,20760
862096992088072192,23832,75412
861383897657036800,10942,36484
861288531465048066,4255,17384
861005113778896900,3895,16920
860563773140209665,2215,7602
860524505164394496,5406,23942
860276583193509888,3562,18539
860184849394610176,5983,16917
859924526012018688,4205,19808
859851578198683649,3605,15611
859607811541651456,1613,18856
859196978902773760,31096,91369
859074603037188101,14000,34405
858843525470990336,3576,15771
858471635011153920,4997,21846
858107933456039936,3009,15988
857989990357356544,2663,16385
857746408056729600,10982,34885
857393404942143489,1696,6018
857263160327368704,4676,20383
857029823797047296,4147,19306
856543823941562368,2981,16595
856526610513747968,1945,12079
856282028240666624,6556,28307
855459453768019968,8559,30637
854732716440526848,6379,23432
854482394044301312,7182,30093
854365224396361728,4896,19401
854120357044912130,7834,32838
853760880890318849,6076,29418
853639147608842240,10632,35924
853299958564483072,3744,15985
852912242202992640,1932,9339
852672615818899456,2268,15383
852553447878664193,3703,16908
852311364735569921,10419,34218
852226086759018497,7175,20675
852189679701164033,1670,11853
851591660324737024,3663,16757
851464819735769094,7475,25147
851224888060895234,6048,21422
850753642995093505,9820,32150
850380195714523136,2769,13535
850145622816686080,4053,16939
850019790995546112,5188,21237
849776966551130114,8053,31647
849412302885593088,3329,16498
849336543269576704,2000,11879
849051919805034497,9054,44182
848690551926992896,4585,26222
848324959059550208,4895,25765
848212111729840128,3271,17001
847962785489326080,5429,24491
847842811428974592,1431,5711
847606175596138505,3611,19575
847251039262605312,4573,21324
847157206088847362,6246,20850
847116187444137987,3401,22360
846874817362120707,4186,20975
846514051647705089,12407,46662
846153765933735936,9686,33134
846042936437604353,3088,16711
845812042753855489,9347,30668
845677943972139009,5115,26267
845397057150107648,1939,7983
845306882940190720,5774,24406
844979544864018432,2768,14270
844973813909606400,3440,15830
844704788403113984,11078,40568
844580511645339650,3370,17266
844223788422217728,2350,14287
843856843873095681,4962,22443
843604394117681152,2953,17713
843235543001513987,6499,22535
842846295480000512,3854,15957
842765311967449089,1365,7082
842535590457499648,3759,18998
842163532590374912,6228,25713
842115215311396866,3255,14715
841680585030541313,8327,26916
841439858740625411,3942,13272
841314665196081154,5046,16648
841077006473256960,5709,24072
840696689258311684,1057,12936
840632337062862849,1889,9433
840370681858686976,4901,17326
840268004936019968,6175,20290
839990271299457024,2474,14140
839549326359670784,8389,28993
839239871831150596,7056,28648
838921590096166913,2235,11772
838561493054533637,1429,11505
838476387338051585,5201,23836
838083903487373313,3405,18600
837820167694528512,8499,36075
837482249356513284,478,4049
837471256429613056,2483,13504
837366284874571778,5732,22310
837110210464448512,2595,16914
836989968035819520,2480,13439
836753516572119041,4997,20312
836677758902222849,2405,13316
836380477523124226,3201,15550
836260088725786625,4643,22464
836001077879255040,4651,20202
835574547218894849,3928,18813
835297930240217089,3236,17351
835264098648616962,1846,8204
835172783151792128,6231,27634
835152434251116546,3272,23751
834931633769889797,1789,11466
834786237630337024,5929,22360
834574053763584002,2746,14500
834458053273591808,1817,10184
834209720923721728,5198,21824
834167344700198914,3941,16676
834086379323871233,2406,13829
833863086058651648,2612,14198
833826103416520705,3734,16246
833722901757046785,3485,21894
833479644947025920,2248,15731
833124694597443584,5254,21394
832998151111966721,2410,14093
832757312314028032,3945,17819
832636094638288896,3043,16809
832397543355072512,2417,12668
832369877331693569,3461,18176
832273440279240704,2535,11981
832032802820481025,5070,18914
831939777352105988,6675,25456
831911600680497154,7105,29347
831670449226514432,1975,11078
831650051525054464,2113,7617
831552930092285952,2501,9553
831322785565769729,1661,9736
831315979191906304,1213,6920
831309418084069378,2661,12442
831262627380748289,2233,12637
830956169170665475,1628,8465
830583320585068544,18385,71053
830097400375152640,3283,10436
829861396166877184,2134,12993
829501995190984704,11590,33719
829449946868879360,2211,11116
829374341691346946,10171,36787
829141528400556032,8095,26054
829011960981237760,17698,56347
828770345708580865,6429,27178
828708714936930305,12275,38933
828650029636317184,1471,10107
828409743546925057,1256,6690
828408677031882754,1403,8129
828381636999917570,2425,13437
828376505180889089,1162,7855
828372645993398273,3208,13331
828046555563323392,3129,12524
828011680017821696,2345,11033
827933404142436356,5707,21438
827653905312006145,3287,16425
827600520311402496,1037,7879
827324948884643840,3350,16909
827199976799354881,2455,11264
826958653328592898,5481,22983
826848821049180160,11196,38861
826598365270007810,2567,10734
826476773533745153,4587,19624
826240494070030336,2829,14144
826204788643753985,1018,5203
826115272272650244,3429,16711
825876512159186944,2043,11154
825829644528148480,2725,13584
825535076884762624,18849,55531
825147591692263424,5009,19520
825026590719483904,1409,6768
824775126675836928,3862,15956
824663926340194305,1901,10755
824325613288833024,11378,12576
824297048279236611,4236,16064
823939628516474880,2974,11373
823699002998870016,2653,13430
823581115634085888,2902,13910
823322678127919110,4407,16819
822975315408461824,3776,18469
822872901745569793,48167,141477
822859134160621569,2500,14122
822610361945911296,3251,15783
822489057087389700,7049,19392
822462944365645825,16124,30480
822244816520155136,10832,37461
821886076407029760,2572,12146
821765923262631936,1825,9012
821522889702862852,1939,8583
821407182352777218,4787,12603
821149554670182400,2210,9341
821107785811234820,2338,10268
821044531881721856,2516,13557
820749716845686786,10913,33776
820690176645140481,3549,13058
820314633777061888,624,3573
820078625395449857,6909,21209
819952236453363712,1303,5695
819924195358416896,5326,13779
819711362133872643,3456,14425
819588359383371776,2164,10238
819347104292290561,1327,7737
819227688460238848,7357,24750
819006400881917954,20804,48367
819004803107983360,40354,92530
818627210458333184,8202,23801
818614493328580609,2842,10579
818536468981415936,2731,11705
818259473185828864,2523,11818
818145370475810820,2867,13174
817827839487737858,29913,55634
817536400337801217,3343,12652
817423860136083457,16506,36716
817415592588222464,1062,6035
817171292965273600,2213,9369
817120970343411712,2891,13062
817056546584727552,1819,9200
816816676327063552,2243,10723
816697700272001025,2434,10521
816450570814898180,8963,32836
816336735214911488,2156,9229
816091915477250048,2375,9585
815990720817401858,1149,5363
815966073409433600,9385,24107
815736392542261248,2503,10566
815639385530101762,1814,8822
815390420867969024,4202,11115
814986499976527872,1427,8207
814638523311648768,2989,12117
814530161257443328,2047,9308
814153002265309185,9605,30916
813910438903693312,2079,9982
813812741911748608,15473,39056
813800681631023104,1945,8973
813217897535406080,8056,20096
813202720496779264,1984,9867
813187593374461952,4821,21324
813172488309972993,2112,10034
813157409116065792,2450,8332
813142292504645637,2603,9049
813127251579564032,3453,12756
813112105746448384,3046,11124
813096984823349248,3984,11315
813081950185472002,3061,10618
813066809284972545,2149,8563
813051746834595840,8103,22537
812781120811126785,2113,8155
812709060537683968,1578,7123
812503143955202048,1353,6539
812466873996607488,2124,8594
812372279581671427,4051,14742
811985624773361665,1549,7810
811744202451197953,1785,8127
811627233043480576,3472,13776
811386762094317568,7074,22489
810984652412424192,1582,5738
810896069567610880,1979,9738
810657578271330305,2921,11805
810284430598270976,12631,38193
810254108431155201,3713,15813
809920764300447744,4317,16679
809448704142938112,1627,7452
809220051211603969,6228,21466
809084759137812480,3879,14236
808838249661788160,3366,10875
808733504066486276,2400,8513
808501579447930884,2880,12151
808001312164028416,3914,13541
807621403335917568,4078,15697
807106840509214720,60029,121415
807010152071229440,4231,14034
806629075125202948,38636,81011
806542213899489280,2622,11007
806219024703037440,1326,6911
805932879469572096,2114,8904
805826884734976000,2032,7097
805520635690676224,1824,6176
805487436403003392,2805,9448
805207613751304193,1889,8403
804738756058218496,4271,14811
804026241225523202,17978,48139
803773340896923648,3069,10832
803638050916102144,4589,11857
803380650405482500,2059,8355
803276597545603072,2740,10808
802952499103731712,2227,9743
802572683846291456,2776,9638
802323869084381190,6477,17533
802239329049477120,2884,9792
801958328846974976,1893,8326
801538201127157760,2281,8839
801285448605831168,921,6544
801167903437357056,6593,26439
800751577355128832,3078,11322
800513324630806528,3335,14175
800459316964663297,2393,10199
800388270626521089,3109,12033
800141422401830912,2842,16516
800018252395122689,14613,30633
799757965289017345,2399,9072
799422933579902976,2121,8684
799297110730567681,3075,10704
799063482566066176,2729,8748
798933969379225600,4971,14213
798925684722855936,1593,8026
798209839306514432,2833,11215
797971864723324932,3481,12581
797545162159308800,5386,15650
797236660651966464,7361,21605
796865951799083009,2109,8288
796759840936919040,3392,12816
796484825502875648,1952,8182
796387464403357696,4620,11885
796149749086875649,15875,34955
796116448414461957,2686,9808
796080075804475393,2571,9123
796031486298386433,4095,11666
795464331001561088,26434,53823
795400264262053889,3177,10909
795076730285391872,6019,17542
794926597468000259,2565,11103
794332329137291264,2930,10330
794205286408003585,3670,9929
793962221541933056,5425,18177
793845145112371200,2086,9938
793601777308463104,1816,8612
793500921481273345,2644,11557
793286476301799424,10215,26585
793271401113350145,2626,9337
793256262322548741,9250,21583
793241302385262592,3636,11363
793226087023144960,3177,10628
793210959003287553,3122,9647
793195938047070209,6236,16491
793180763617361921,2206,7471
793165685325201412,3086,10149
793150605191548928,1893,6659
793135492858580992,2771,6991
793120401413079041,4339,13709
792913359805018113,4459,15491
792883833364439040,4736,12219
792773781206999040,1862,7933
792394556390137856,4755,14552
792050063153438720,1991,7759
791672322847637504,3460,12700
791406955684368384,4564,14182
791312159183634433,2818,9487
790987426131050500,2369,10678
790946055508652032,5204,17931
790698755171364864,2111,8848
790581949425475584,7962,22317
790337589677002753,2065,8450
790277117346975746,3540,13535
789986466051088384,2574,9982
789628658055020548,1971,8119
789599242079838210,2149,7303
789530877013393408,3737,12697
789268448748703744,2859,9835
789137962068021249,3095,10465
788908386943430656,13728,29565
788765914992902144,11416,29592
788412144018661376,5872,16844
788178268662984705,2346,7812
788150585577050112,1441,6641
788039637453406209,1468,6634
787810552592695296,3380,9362
787717603741622272,3080,11016
787397959788929025,3138,11699
787322443945877504,1929,8406
786963064373534720,8852,28661
786709082849828864,6734,19600
786664955043049472,2843,11507
786595970293370880,3431,10144
786363235746385920,3884,11763
786233965241827333,5284,16507
785927819176054784,3500,12239
785872687017132033,2020,7201
785533386513321988,2224,9819
785264754247995392,1815,7820
785170936622350336,5381,13040
784826020293709826,3566,10922
784517518371221505,2803,9664
784431430411685888,1414,6137
783839966405230592,11951,32372
783821107061198850,2171,7936
783695101801398276,3559,11256
783466772167098368,2489,9093
783391753726550016,6090,18171
783334639985389568,12965,31484
783085703974514689,2453,8762
782969140009107456,8126,25953
782747134529531904,1540,8041
782722598790725632,5967,18582
782598640137187329,2069,8370
782305867769217024,6152,17943
781955203444699136,3714,11944
781661882474196992,2987,11241
781524693396357120,6112,22323
781251288990355457,2317,9071
781163403222056960,3004,10503
780931614150983680,8107,23270
780858289093574656,2197,7732
780800785462489090,1429,5931
780601303617732608,3666,12989
780543529827336192,1910,6772
780459368902959104,1174,5683
780192070812196864,2463,9364
779834332596887552,7814,20433
779377524342161408,3427,9478
779123168116150273,4015,12691
779056095788752897,4987,15912
778990705243029504,8024,21536
778748913645780993,1471,7410
778650543019483137,1644,6200
778624900596654080,1118,5002
778408200802557953,4794,14663
778383385161035776,1211,6266
778286810187399168,3649,11170
778039087836069888,2898,9105
778027034220126208,1787,7041
777885040357281792,1812,6832
777684233540206592,3248,12060
777621514455814149,2745,9418
777189768882946048,4772,15375
776813020089548800,1331,5238
776477788987613185,3088,9506
776218204058357768,17586,32224
776201521193218049,2778,10298
776113305656188928,4786,12620
776088319444877312,167,1972
775842724423557120,2949,12578
775733305207554048,4408,14843
775729183532220416,5028,13859
775364825476165632,3278,7973
775085132600442880,5204,16673
774757898236878852,1946,9154
774639387460112384,1913,7204
774314403806253056,6143,23344
773985732834758656,4270,11521
773922284943896577,1907,6860
773704687002451968,1804,7082
773670353721753600,1423,5700
773547596996571136,6773,23660
773308824254029826,8209,24902
773247561583001600,3528,10086
773191612633579521,4517,10703
772877495989305348,4253,9190
772826264096874500,2551,8543
772581559778025472,1849,6940
772193107915964416,1518,6434
772152991789019136,1229,4050
772117678702071809,803,4012
772114945936949249,518,2904
772102971039580160,1014,4296
771770456517009408,3731,12860
771500966810099713,2879,8863
771380798096281600,5600,11272
771136648247640064,3213,9846
771102124360998913,1573,6674
771014301343748096,1814,7355
770787852854652928,1341,5312
770772759874076672,1554,5562
770655142660169732,1908,7840
770414278348247044,2260,6737
770293558247038976,1634,6679
770069151037685760,2527,8113
769940425801170949,10586,33704
769695466921623552,1823,6843
769212283578875904,1877,5772
768970937022709760,7166,15422
768855141948723200,972,4485
768609597686943744,1328,4402
768596291618299904,1399,5373
768473857036525572,3752,14581
768193404517830656,3877,11663
767884188863397888,1535,5077
767754930266464257,5896,17166
767500508068192258,2554,8014
767191397493538821,4171,13130
767122157629476866,3129,10829
766793450729734144,1485,5433
766693177336135680,864,4316
766423258543644672,1744,6438
766313316352462849,2062,7256
766069199026450432,949,4580
766008592277377025,537,3998
765719909049503744,2358,7743
765669560888528897,1330,5556
765395769549590528,3711,28209
765371061932261376,2358,7581
765222098633691136,3696,12424
764857477905154048,1936,6862
764259802650378240,1658,6462
763837565564780549,4566,13490
763183847194451968,1613,5776
763103485927849985,2488,7867
762699858130116608,3959,13000
762471784394268675,7097,12064
762464539388485633,4602,11046
762316489655476224,1233,5139
762035686371364864,17048,34190
761976711479193600,2208,5772
761745352076779520,936,4542
761672994376806400,31683,52905
761599872357261312,1281,4404
761334018830917632,1586,5557
761292947749015552,1203,4767
761227390836215808,1698,5676
761004547850530816,3785,12058
760893934457552897,1060,4077
760656994973933572,2102,7050
760641137271070720,1410,5285
760539183865880579,3959,8086
760290219849637889,12535,28611
760252756032651264,944,4199
760190180481531904,1976,6084
759923798737051648,6203,15681
759846353224826880,2167,7170
759557299618865152,1282,5023
759447681597108224,2678,9053
759197388317847553,2117,6468
759099523532779520,4565,15504
759047813560868866,2197,6949
758854675097526272,975,3787
758828659922702336,4179,11927
758740312047005698,1747,6110
758474966123810816,1081,4076
758467244762497024,2428,5125
758405701903519748,2101,5545
758355060040593408,1187,3659
758041019896193024,407,2890
757741869644341248,3547,7342
757725642876129280,1328,4836
757611664640446465,1217,4856
757596066325864448,1157,4630
757400162377592832,7432,16133
757393109802180609,1902,6216
757354760399941633,1550,4813
756998049151549440,2168,6680
756939218950160384,2186,7087
756651752796094464,1435,5406
756526248105566208,3939,11089
756303284449767430,1181,4211
756288534030475264,19054,45575
756275833623502848,1667,6858
755955933503782912,3147,7825
755206590534418437,5858,17555
755110668769038337,12061,22619
754856583969079297,2757,7331
754747087846248448,569,2743
754482103782404096,2125,5658
754449512966619136,799,3984
754120377874386944,2545,8343
753655901052166144,2373,6232
753420520834629632,3878,8431
753398408988139520,2089,6167
753375668877008896,2535,8126
753294487569522689,1131,3619
753026973505581056,1059,4146
752917284578922496,1711,7326
752682090207055872,1747,6381
752660715232722944,1717,4695
752519690950500352,3747,7859
752334515931054080,1192,4059
752173152931807232,2011,6337
751937170840121344,1462,5553
751830394383790080,2131,6177
751598357617971201,3303,8411
751538714308972544,1378,5360
751456908746354688,1084,3405
751251247299190784,6384,13292
751205363882532864,1994,6713
751132876104687617,1421,5409
750868782890057730,1512,5085
750719632563142656,5481,14044
750506206503038976,1250,4721
750429297815552001,4677,14025
750383411068534784,1232,4826
750147208377409536,1051,3288
750132105863102464,1383,3858
750117059602808832,1413,4596
750101899009982464,915,3232
750086836815486976,590,2312
750071704093859840,3624,8358
750056684286914561,971,3332
750041628174217216,673,3373
750026558547456000,858,2887
750011400160841729,991,3450
749996283729883136,878,3220
749981277374128128,2660,5434
749774190421639168,1421,4929
749417653287129088,1813,6480
749403093750648834,594,2793
749395845976588288,3762,9143
749317047558017024,2406,5831
749064354620928000,1634,5085
749036806121881602,846,3288
748977405889503236,3686,11380
748932637671223296,2451,6207
748705597323898880,1028,2930
748699167502000129,1734,5024
748692773788876800,1443,4496
748575535303884801,2164,6431
748568946752774144,727,2311
748346686624440324,1341,5554
748324050481647620,832,3933
748307329658011649,773,3889
747963614829678593,2327,6138
747933425676525569,2766,7026
747885874273214464,1071,3132
747844099428986880,810,2974
747816857231626240,1256,5144
747600769478692864,594,2457
747594051852075008,1139,3913
747512671126323200,1715,5881
747461612269887489,1117,4099
747219827526344708,1714,5588
747204161125646336,995,3580
747103485104099331,4327,10148
746906459439529985,323,3056
746872823977771008,2324,6349
746818907684614144,1863,5612
746790600704425984,1716,5165
746726898085036033,1936,6396
746507379341139972,1167,4901
746369468511756288,1781,6530
746131877086527488,2381,7306
746056683365994496,886,3754
745789745784041472,1153,4267
745712589599014916,2512,7388
745433870967832576,2745,7516
745422732645535745,2629,9076
745314880350101504,2998,7583
745057283344719872,2458,7651
744995568523612160,675,3146
744971049620602880,2909,8338
744709971296780288,1683,5920
744334592493166593,2310,7159
744234799360020481,84409,165095
743980027717509120,1173,4388
743895849529389061,1031,3853
743609206067040256,1487,4739
743595368194129920,7082,19539
743545585370791937,1010,3723
743510151680958465,3982,8348
743253157753532416,1310,4481
743222593470234624,2053,6551
743210557239623680,1468,4053
742528092657332225,2154,4691
742465774154047488,4188,7670
742423170473463808,4100,10401
742385895052087300,2147,7180
742161199639494656,1480,4576
742150209887731712,1684,5426
741793263812808706,1629,4817
741743634094141440,2986,8643
741438259667034112,898,3877
741303864243200000,3488,9263
740995100998766593,2983,6756
740711788199743490,1003,3594
740699697422163968,842,2992
740676976021798912,7332,19163
740373189193256964,14332,36726
740365076218183684,471,2618
740359016048689152,921,3485
740214038584557568,2120,7067
739979191639244800,6372,21068
739932936087216128,1163,4278
739844404073074688,917,4001
739606147276148736,1786,5691
739544079319588864,23076,41921
739485634323156992,3167,7592
739238157791694849,62577,122216
738885046782832640,1228,3979
738883359779196928,876,3526
738537504001953792,1683,5383
738402415918125056,911,3451
738184450748633089,1303,4549
738166403467907072,3667,9290
738156290900254721,705,2675
737826014890496000,1901,5555
737800304142471168,3724,10545
737678689543020544,1433,5323
737445876994609152,4807,10877
737322739594330112,873,3808
737310737551491075,7969,15487
736736130620620800,1867,4560
736365877722001409,1347,4208
736225175608430592,2977,8581
736010884653420544,3204,8339
735991953473572864,1233,3802
735648611367784448,1179,4231
735635087207878657,2541,6520
735274964362878976,5460,13718
735256018284875776,950,3524
735137028879360001,1041,3307
734912297295085568,553,2880
734787690684657664,6777,13237
734776360183431168,583,2644
733828123016450049,834,3790
733822306246479872,1082,3868
733482008106668032,1021,3321
733460102733135873,1374,4435
732732193018155009,575,2573
732726085725589504,953,3721
732585889486888962,825,3881
732375214819057664,2709,8519
732005617171337216,5868,15745
731285275100512256,1057,3674
731156023742988288,1363,4044
730924654643314689,2125,6455
730573383004487680,2314,5188
730427201120833536,1115,3647
730211855403241472,1135,4027
730196704625098752,2057,5148
729854734790754305,1204,4238
729838605770891264,410,1795
729823566028484608,1328,4201
729463711119904772,2474,6122
729113531270991872,349,1985
728986383096946689,879,3335
728760639972315136,1829,4919
728751179681943552,728,2927
728653952833728512,1118,3494
728409960103686147,2157,5179
728387165835677696,1026,3862
728046963732717569,1260,4536
728035342121635841,1789,4788
728015554473250816,1174,4314
727685679342333952,686,3097
727644517743104000,1874,6211
727524757080539137,1312,4703
727314416056803329,803,3495
727286334147182592,874,3207
727175381690781696,1474,4077
726935089318363137,2630,7251
726887082820554753,1614,4035
726828223124897792,1080,3740
726224900189511680,1235,4645
725842289046749185,2842,7424
725786712245440512,1458,4381
725729321944506368,1910,5460
724983749226668032,1396,3897
724771698126512129,688,2489
724405726123311104,1765,5582
724049859469295616,1894,4547
724046343203856385,597,2805
724004602748780546,1690,4399
723912936180330496,1312,4092
723688335806480385,3195,8118
723673163800948736,956,3181
723179728551723008,2013,5565
722974582966214656,1684,4325
722613351520608256,1753,5210
721503162398597120,2009,4896
721001180231503872,658,2657
720785406564900865,828,3276
720775346191278080,730,2605
720415127506415616,1598,4333
720389942216527872,2703,6745
720340705894408192,1044,3013
720059472081784833,1206,4080
720043174954147842,2151,5151
719991154352222208,1871,5071
719704490224398336,1557,4799
719551379208073216,2072,5308
719367763014393856,793,2935
719339463458033665,1339,4641
719332531645071360,1027,3590
718971898235854848,1176,3663
718939241951195136,1884,5500
718631497683582976,8661,19873
718613305783398402,517,2562
718540630683709445,1083,2619
718460005985447936,566,2840
718454725339934721,1615,5114
718246886998687744,536,2029
718234618122661888,1074,4071
717841801130979328,636,2570
717790033953034240,1210,3038
717537687239008257,1974,6046
717421804990701568,902,3309
717047459982213120,2039,6584
717009362452090881,1045,3447
716802964044845056,1260,4487
716791146589110272,1486,5826
716439118184652801,229,2483
716285507865542656,1161,2926
716080869887381504,1866,5136
715928423106027520,939,3351
715733265223708672,1810,4915
715696743237730304,1380,4106
715680795826982913,1736,4553
715360349751484417,1686,5752
715342466308784130,731,3180
715220193576927233,701,2539
715200624753819648,2022,5385
715009755312439296,1324,4375
714982300363173890,1109,3944
714957620017307648,1520,4351
714631576617938945,1071,3440
714606013974974464,997,3806
714258258790387713,768,3159
714251586676113411,905,3433
714214115368108032,939,2387
714141408463036416,1500,4527
713919462244790272,830,3448
713900603437621249,797,2980
713761197720473600,1479,5132
713411074226274305,1383,4634
713177543487135744,3035,7575
713175907180089344,1561,4695
712809025985978368,7218,19566
712717840512598017,5369,13005
712668654853337088,1304,4375
712438159032893441,1678,5596
712097430750289920,1106,3997
712092745624633345,962,3097
712085617388212225,519,3418
712065007010385924,667,2383
711968124745228288,2472,8486
711743778164514816,1060,2992
711732680602345472,4421,9359
711694788429553666,19595,34551
711652651650457602,981,4074
711363825979756544,1215,3846
711306686208872448,786,3484
711008018775851008,665,3153
710997087345876993,1492,4792
710844581445812225,739,2680
710833117892898816,576,2829
710658690886586372,606,2431
710588934686908417,2011,4792
710283270106132480,552,2244
710272297844797440,1352,4763
710269109699739648,1209,2530
710153181850935296,962,3063
710140971284037632,959,2918
710117014656950272,2129,5791
709918798883774466,1145,3139
709901256215666688,106,708
709852847387627521,1282,3686
709566166965075968,1295,3730
709556954897764353,1141,3456
709519240576036864,256,1569
709449600415961088,634,2347
709409458133323776,745,2757
709225125749587968,612,2531
709207347839836162,6262,13282
709198395643068416,687,2545
709158332880297985,449,2153
709042156699303936,1758,5010
708845821941387268,963,3136
708834316713893888,541,1789
708810915978854401,7462,17374
708738143638450176,873,2886
708711088997666817,783,2686
708479650088034305,724,2684
708469915515297792,881,3248
708356463048204288,1436,3810
708349470027751425,789,2476
708149363256774660,1655,4504
708130923141795840,896,3563
708119489313951744,1053,2828
708109389455101952,579,2034
708026248782585858,2056,4600
707995814724026368,1206,3283
707969809498152960,1042,2850
707776935007539200,1017,3447
707741517457260545,655,2630
707693576495472641,1076,3625
707610948723478529,6892,17869
707420581654872064,740,2395
707411934438625280,643,2404
707387676719185920,1397,3697
707377100785885184,1159,3464
707315916783140866,688,2609
707297311098011648,855,2913
707059547140169728,728,2714
707038192327901184,853,2319
707021089608753152,1470,4291
707014260413456384,645,2434
706901761596989440,644,2180
706681918348251136,1041,3504
706644897839910912,1177,2722
706593038911545345,670,2277
706538006853918722,1516,3647
706516534877929472,1111,3266
706346369204748288,992,3633
706310011488698368,8588,22603
706291001778950144,501,1797
706265994973601792,985,2883
706166467411222528,1729,5431
705975130514706432,796,3267
705970349788291072,956,3313
705898680587526145,600,2505
705786532653883392,567,2057
705591895322394625,1235,3339
705475953783398401,997,3120
705442520700944385,1771,4700
705428427625635840,1819,4034
705239209544720384,809,3161
705223444686888960,867,2732
705102439679201280,549,2270
705066031337840642,651,2295
704871453724954624,1195,4503
704859558691414016,585,2386
704847917308362754,1646,5399
704819833553219584,1073,2787
704761120771465216,3119,7004
704499785726889984,1076,3103
704480331685040129,1138,3583
704364645503647744,3825,8481
704347321748819968,376,1675
704113298707505153,606,1966
704054845121142784,986,3085
703774238772166656,500,1948
703769065844768768,1221,3479
703631701117943808,745,2740
703611486317502464,1632,4081
703425003149250560,1487,4007
703407252292673536,752,2594
703382836347330562,1227,3704
703356393781329922,417,2022
703268521220972544,588,2078
703079050210877440,3337,7792
703041949650034688,13497,27865
702932127499816960,778,2734
702684942141153280,1160,3397
702671118226825216,604,2314
702598099714314240,3521,10918
702539513671897089,1027,3033
702321140488925184,1106,3462
702276748847800320,821,2616
702217446468493312,1443,5077
701981390485725185,1067,3636
701952816642965504,1102,4017
701889187134500865,1478,3763
701601587219795968,491,2208
701570477911896070,1004,2979
701545186879471618,659,2809
701214700881756160,5503,12918
700890391244103680,617,2343
700864154249383937,660,2737
700847567345688576,538,2571
700796979434098688,1033,2574
700747788515020802,10079,24124
700518061187723268,860,2793
700505138482569216,615,2410
700462010979500032,1936,4380
700167517596164096,800,2800
700151421916807169,711,2367
700143752053182464,2959,7966
700062718104104960,746,2793
700029284593901568,628,2187
700002074055016451,1447,3499
699801817392291840,1033,3226
699788877217865730,533,2373
699779630832685056,1333,2930
699775878809702401,652,2075
699691744225525762,4942,10844
699446877801091073,2808,6266
699434518667751424,547,2287
699423671849451520,356,1450
699413908797464576,665,2181
699370870310113280,472,1988
699323444782047232,928,3334
699088579889332224,675,2366
699079609774645248,706,2586
699072405256409088,1274,3175
699036661657767936,1285,2754
698989035503689728,1061,3575
698953797952008193,971,2864
698907974262222848,667,2682
698710712454139905,736,2617
698703483621523456,406,1532
698635131305795584,366,1359
698549713696649216,662,2452
698355670425473025,486,1976
698342080612007937,1018,2392
698262614669991936,2164,5020
698195409219559425,6410,17719
698178924120031232,791,2961
697995514407682048,359,1617
697990423684476929,1390,3477
697943111201378304,743,2544
697881462549430272,1276,3189
697616773278015490,1086,3340
697596423848730625,1357,3212
697575480820686848,541,2160
697482927769255936,725,2561
697463031882764288,1480,3605
697270446429966336,2000,4935
697259378236399616,1072,3471
697255105972801536,1250,3188
697242256848379904,714,2660
696900204696625153,1103,3372
696894894812565505,731,2478
696886256886657024,1927,5109
696877980375769088,764,2578
696754882863349760,384,1557
696713835009417216,699,2516
696488710901260288,1111,2681
696405997980676096,1224,3396
695816827381944320,1259,3176
695794761660297217,843,3371
695767669421768709,800,1978
695629776980148225,2258,4826
695446424020918272,1946,4608
695409464418041856,3833,9117
695314793360662529,1585,3853
695095422348574720,660,2796
695074328191332352,1189,3004
695064344191721472,647,1699
695051054296211456,846,2820
694905863685980160,1003,2917
694669722378485760,15557,37762
694356675654983680,312,1595
694352839993344000,669,2154
694329668942569472,539,2121
694206574471057408,2180,4434
694183373896572928,998,3113
694001791655137281,1111,3585
693942351086120961,398,1832
693647888581312512,637,2858
693642232151285760,447,2686
693629975228977152,862,2585
693622659251335168,399,1631
693590843962331137,2121,5351
693486665285931008,677,1881
693280720173801472,1334,3558
693262851218264065,539,2357
693231807727280129,790,3026
693155686491000832,3446,8344
693109034023534592,661,1822
693095443459342336,499,1988
692919143163629568,801,2829
692905862751522816,946,2580
692901601640583168,653,1893
692894228850999298,870,2414
692828166163931137,950,3040
692752401762250755,3912,7215
692568918515392513,1655,4600
692535307825213440,1461,3375
692530551048294401,453,1950
692417313023332352,3741,9875
692187005137076224,880,2671
692158366030913536,854,2280
692142790915014657,424,1736
692017291282812928,1026,3027
691820333922455552,1779,4176
691756958957883396,1100,3055
691675652215414786,547,2058
691483041324204033,608,2513
691459709405118465,1241,4297
691444869282295808,914,2799
691416866452082688,8231,20452
691321916024623104,710,2721
691096613310316544,960,3134
691090071332753408,360,1805
690959652130045952,1354,3793
690938899477221376,2154,4375
690932576555528194,1105,3477
690735892932222976,1382,4005
690728923253055490,559,2297
690690673629138944,858,2461
690649993829576704,302,1382
690597161306841088,648,2082
690400367696297985,489,1980
690374419777196032,929,3445
690360449368465409,960,2800
690248561355657216,441,1780
690021994562220032,1114,2962
690015576308211712,794,2654
690005060500217858,1813,3876
689999384604450816,403,1511
689977555533848577,481,1447
689905486972461056,746,2572
689877686181715968,1278,3189
689835978131935233,816,2289
689661964914655233,1004,3389
689659372465688576,4191,10968
689623661272240129,696,2359
689599056876867584,5958,12303
689557536375177216,497,2168
689517482558820352,1543,3588
689289219123089408,1006,2387
689283819090870273,1194,3486
689280876073582592,775,2115
689275259254616065,264,1226
689154315265683456,1082,3238
689143371370250240,554,2139
688916208532455424,939,2889
688908934925697024,834,2237
688898160958271489,850,2228
688894073864884227,747,2364
688828561667567616,399,1464
688804835492233216,211,1016
688789766343622656,718,2344
688547210804498433,758,2757
688519176466644993,790,2446
688385280030670848,4801,9842
688211956440801280,903,2352
688179443353796608,634,2240
688116655151435777,846,2984
688064179421470721,388,1825
687826841265172480,1218,2889
687818504314159109,1022,2648
687807801670897665,756,2532
687704180304273409,903,2583
687664829264453632,552,2053
687494652870668288,620,2027
687480748861947905,263,1691
687476254459715584,574,2086
687460506001633280,586,2162
687317306314240000,9878,21263
687312378585812992,2049,4608
687127927494963200,2467,5784
687124485711986689,545,2291
687109925361856513,2662,6146
687102708889812993,1068,2477
687096057537363968,654,2376
686947101016735744,3428,9106
686749460672679938,1575,3671
686730991906516992,1290,4392
686683045143953408,865,2976
686618349602762752,1463,3893
686606069955735556,583,2003
686386521809772549,947,3446
686377065986265092,603,2349
686358356425093120,737,2324
686050296934563840,789,2335
686034024800862208,1258,3303
686007916130873345,452,2619
686003207160610816,681,1928
685973236358713344,568,2232
685943807276412928,652,1723
685906723014619143,3142,7961
685667379192414208,621,2483
685663452032069632,1579,3443
685641971164143616,838,3108
685547936038666240,16935,34848
685532292383666176,1238,3220
685325112850124800,4311,10031
685321586178670592,693,2804
685315239903100929,1166,3546
685307451701334016,475,2190
685268753634967552,1302,3284
685198997565345792,719,2469
685169283572338688,1537,4334
684959798585110529,3387,7214
684940049151070208,1125,3408
684926975086034944,506,3705
684914660081053696,1572,3710
684902183876321280,570,1990
684880619965411328,886,2226
684800227459624960,1076,2865
684594889858887680,3817,9456
684567543613382656,1330,3187
684538444857667585,1033,2807
684481074559381504,1261,4094
684460069371654144,597,2095
684241637099323392,3565,8633
684225744407494656,229,1310
684222868335505415,1492,4067
684200372118904832,1116,2290
684195085588783105,560,2030
684188786104872960,1265,3682
684177701129875456,729,2133
684122891630342144,514,2109
684097758874210310,1555,4347
683857920510050305,1205,4034
683852578183077888,378,2034
683849932751646720,1060,2774
683834909291606017,1197,2774
683828599284170753,1144,2960
683773439333797890,1464,3538
683742671509258241,3597,6883
683498322573824003,1036,3352
683481228088049664,1073,2786
683462770029932544,722,2579
683449695444799489,1738,4121
683391852557561860,2580,8052
683357973142474752,1015,3102
683142553609318400,1122,3049
683111407806746624,985,3594
683098815881154561,712,2292
683078886620553216,606,2093
683030066213818368,791,2277
682962037429899265,18046,39101
682788441537560576,1211,2613
682750546109968385,473,1609
682697186228989953,387,1389
682662431982772225,1166,3217
682638830361513985,648,2169
682429480204398592,1256,3627
682406705142087680,1904,8021
682393905736888321,741,2363
682389078323662849,504,1765
682303737705140231,1078,3260
682259524040966145,1315,4410
682242692827447297,1279,3437
682059653698686977,1831,5248
682047327939461121,1043,3395
682032003584274432,2171,6952
682003177596559360,1652,3330
681981167097122816,1112,2938
681891461017812993,893,2608
681694085539872773,4370,13490
681679526984871937,482,1858
681654059175129088,1001,2791
681610798867845120,511,2015
681579835668455424,1411,3744
681523177663676416,6287,15128
681339448655802368,4387,9819
681320187870711809,820,2803
681302363064414209,1980,4174
681297372102656000,1032,3370
681281657291280384,1190,3401
681261549936340994,297,1538
681242418453299201,585,1584
681231109724700672,521,2528
681193455364796417,1612,3923
680970795137544192,719,2566
680959110691590145,2154,4812
680940246314430465,1140,3403
680934982542561280,476,2195
680913438424612864,667,2527
680889648562991104,395,1863
680836378243002368,1435,3651
680801747103793152,894,2501
680798457301471234,1121,3020
680609293079592961,772,2782
680583894916304897,1450,3820
680497766108381184,2063,4469
680494726643068929,519,1805
680473011644985345,805,2683
680440374763077632,546,1535
680221482581123072,310,1535
680206703334408192,1268,2988
680191257256136705,546,2266
680176173301628928,1692,4115
680161097740095489,792,2439
680145970311643136,1878,3814
680130881361686529,1023,2418
680115823365742593,979,2864
680100725817409536,1477,3768
680085611152338944,9613,13492
680070545539371008,947,2710
680055455951884288,7669,17619
679877062409191424,691,2073
679862121895714818,671,2593
679854723806179328,1333,3020
679844490799091713,828,2498
679828447187857408,15133,38222
679777920601223168,1205,3246
679736210798047232,858,2203
679729593985699840,884,2279
679722016581222400,508,1742
679530280114372609,2235,5022
679527802031484928,779,2786
679511351870550016,1378,3551
679503373272485890,1596,3325
679475951516934144,687,2211
679462823135686656,20296,33448
679158373988876288,8738,22647
679148763231985668,1108,2917
679132435750195208,1244,3123
679111216690831360,2745,6267
679062614270468097,8838,17976
679047485189439488,734,2371
678991772295516161,1267,2442
678969228704284672,497,1725
678800283649069056,972,2706
678798276842360832,1277,3665
678774928607469569,993,2934
678767140346941444,1469,3710
678764513869611008,514,1715
678755239630127104,3559,7508
678740035362037760,1833,3948
678675843183484930,1595,3017
678643457146150913,457,2154
678446151570427904,1691,4198
678424312106393600,2733,5685
678410210315247616,1960,4445
678399652199309312,33852,81653
678396796259975168,451,1669
678389028614488064,452,1961
678380236862578688,970,2560
678341075375947776,579,1808
678334497360859136,286,1366
678278586130948096,6514,12030
678255464182861824,399,1661
678021115718029313,6827,14427
677918531514703872,440,1412
677895101218201600,2259,5059
677716515794329600,1036,3195
677700003327029250,1543,3557
677698403548192770,340,1283
677687604918272002,902,2594
677673981332312066,1610,3503
677662372920729601,1047,2042
677644091929329666,852,1967
677573743309385728,776,2239
677565715327688705,487,1350
677557565589463040,1244,2548
677547928504967168,3891,7252
677530072887205888,242,1121
677334615166730240,314,1420
677331501395156992,253,1137
677328882937298944,1597,3798
677314812125323265,574,1716
677301033169788928,437,1302
677269281705472000,753,2085
677228873407442944,1746,3708
677187300187611136,985,2857
676975532580409345,1144,2898
676957860086095872,862,2311
676949632774234114,423,1359
676948236477857792,931,2277
676946864479084545,404,1777
676942428000112642,812,2164
676936541936185344,5242,13270
676897532954456065,772,2356
676864501615042560,759,2203
676821958043033607,16664,24101
676819651066732545,706,1881
676811746707918848,452,1477
676776431406465024,2141,5209
676617503762681856,1048,3022
676613908052996102,207,1140
676606785097199616,467,1965
676603393314578432,417,1225
676588346097852417,854,2441
676582956622721024,300,1258
676575501977128964,1193,2701
676533798876651520,595,1958
676496375194980353,569,1585
676470639084101634,4965,12116
676440007570247681,712,1796
676430933382295552,366,1460
676263575653122048,582,2168
676237365392908289,314,1276
676219687039057920,33014,78049
676215927814406144,625,1813
676191832485810177,1091,2372
676146341966438401,712,1995
676101918813499392,1230,2927
676098748976615425,1530,3134
676089483918516224,456,1372
675898130735476737,608,1704
675891555769696257,929,2221
675888385639251968,1019,2470
675878199931371520,1484,4349
675870721063669760,605,1710
675853064436391936,1380,2798
675845657354215424,945,2377
675822767435051008,566,1585
675820929667219457,244,1092
675798442703122432,3593,10647
675740360753160193,367,1211
675710890956750848,880,1966
675707330206547968,738,2064
675706639471788032,103,670
675534494439489536,443,1882
675531475945709568,410,1226
675522403582218240,303,1079
675517828909424640,487,1357
675501075957489664,6158,17769
675497103322386432,1377,3255
675489971617296384,630,1349
675483430902214656,1026,1916
675432746517426176,597,1584
675372240448454658,536,1762
675362609739206656,242,1084
675354435921575936,18160,33985
675349384339542016,2390,4059
675334060156301312,1365,2882
675166823650848770,1713,3739
675153376133427200,2754,6514
675149409102012420,1775,3877
675147105808306176,254,977
675146535592706048,330,1239
675145476954566656,954,2210
675135153782571009,522,1344
675113801096802304,823,2020
675111688094527488,266,998
675109292475830276,1199,2898
675047298674663426,345,1097
675015141583413248,1264,2809
675006312288268288,239,1013
675003128568291329,501,1602
674999807681908736,1163,2325
674805413498527744,372,891
674800520222154752,906,3108
674793399141146624,1152,2586
674790488185167872,268,1143
674788554665512960,219,837
674781762103414784,1272,2070
674774481756377088,502,1167
674767892831932416,839,1890
674764817387900928,251,811
674754018082705410,471,1404
674752233200820224,487,1508
674743008475090944,582,1451
674739953134403584,418,1148
674737130913071104,96,664
674690135443775488,492,1187
674670581682434048,688,1670
674664755118911488,267,953
674646392044941312,526,1487
674644256330530816,284,1063
674638615994089473,611,1741
674632714662858753,605,1550
674468880899788800,2169,6422
674447403907457024,375,1093
674436901579923456,414,1151
674422304705744896,559,1481
674416750885273600,147,705
674410619106390016,486,1234
674394782723014656,603,1547
674372068062928900,325,872
674318007229923329,542,1457
674291837063053312,6191,15219
674271431610523648,765,1615
674269164442398721,238,926
674265582246694913,892,1689
674262580978937856,479,1341
674255168825880576,587,1513
674082852460433408,179,778
674075285688614912,301,1008
674063288070742018,2334,6560
674053186244734976,1365,3422
674051556661161984,504,1487
674045139690631169,670,1462
674042553264685056,135,741
674038233588723717,428,1131
674036086168010753,226,870
674024893172875264,1289,1838
674019345211760640,313,1170
674014384960745472,679,1609
674008982932058114,369,1233
673956914389192708,1010,2004
673919437611909120,384,1200
673906403526995968,1695,3285
673887867907739649,263,959
673715861853720576,2185,3638
673711475735838725,310,1068
673709992831262724,284,874
673708611235921920,300,1104
673707060090052608,407,1125
673705679337693185,415,1290
673700254269775872,596,1477
673697980713705472,2052,3911
673689733134946305,680,1784
673688752737402881,519,1299
673686845050527744,456,1487
673680198160809984,486,1408
673662677122719744,378,1283
673656262056419329,253,737
673636718965334016,381,1150
673612854080196609,754,1632
673583129559498752,385,1225
673580926094458881,276,852
673576835670777856,586,1423
673363615379013632,323,1050
673359818736984064,700,1490
673355879178194945,609,1532
673352124999274496,562,1696
673350198937153538,222,760
673345638550134785,1337,2598
673343217010679808,280,1000
673342308415348736,613,1303
673320132811366400,8301,13833
673317986296586240,272,888
673295268553605120,3299,7713
673270968295534593,385,1093
673240798075449344,762,1453
673213039743795200,882,2311
673148804208660480,655,1739
672997845381865473,751,2015
672995267319328768,309,978
672988786805112832,303,1003
672984142909456390,564,1281
672980819271634944,1039,1858
672975131468300288,952,1723
672970152493887488,370,974
672968025906282496,568,1347
672964561327235073,666,1458
672902681409806336,526,1402
672898206762672129,438,916
672884426393653248,858,1590
672877615439593473,381,1054
672834301050937345,591,1343
672828477930868736,510,1280
672640509974827008,334,996
672622327801233409,515,1326
672614745925664768,607,1253
672609152938721280,404,1143
672604026190569472,419,1142
672594978741354496,627,1358
672591762242805761,345,971
672591271085670400,194,746
672538107540070400,383,1053
672523490734551040,178,660
672488522314567680,455,1145
672482722825261057,631,1163
672481316919734272,128,731
672475084225949696,727,1469
672466075045466113,559,1387
672272411274932228,3521,6613
672267570918129665,636,1534
672264251789176834,353,1173
672256522047614977,1613,2885
672254177670729728,767,1469
672248013293752320,631,1767
672245253877968896,162,701
672239279297454080,330,915
672231046314901505,1050,1883
672222792075620352,220,803
672205392827572224,1200,2317
672169685991993344,383,1044
672160042234327040,372,888
672139350159835138,744,1787
672125275208069120,1188,2464
672095186491711488,379,1018
672082170312290304,378,962
672068090318987265,533,1326
671896809300709376,4313,8666
671891728106971137,589,1360
671882082306625538,1428,3554
671879137494245376,713,1453
671874878652489728,579,1281
671866342182637568,520,1151
671855973984772097,469,930
671789708968640512,3623,7235
671768281401958400,544,1226
671763349865160704,957,1722
671744970634719232,798,1379
671743150407421952,238,756
671735591348891648,782,1480
671729906628341761,4533,8719
671561002136281088,7498,13146
671547767500775424,618,1383
671544874165002241,1085,2035
671542985629241344,588,1118
671538301157904385,411,949
671536543010570240,424,1207
671533943490011136,599,1042
671528761649688577,267,857
671520732782923777,545,1430
671518598289059840,303,970
671511350426865664,755,1650
671504605491109889,3666,7202
671497587707535361,462,938
671488513339211776,487,1034
671486386088865792,212,594
671485057807351808,239,781
671390180817915904,761,1453
671362598324076544,302,1137
671357843010908160,151,408
671355857343524864,117,489
671347597085433856,446,986
671186162933985280,222,752
671182547775299584,358,1151
671166507850801152,366,894
671163268581498880,1146,1700
671159727754231808,84,385
671154572044468225,226,740
671151324042559489,160,690
671147085991960577,237,691
671141549288370177,676,1199
671138694582165504,420,958
671134062904504320,200,769
671122204919246848,2615,3580
671115716440031232,801,1392
671109016219725825,457,1170
670995969505435648,303,1131
670842764863651840,9072,25145
670840546554966016,205,610
670838202509447168,723,1140
670833812859932673,128,461
670832455012716544,226,749
670826280409919488,4219,5693
670823764196741120,198,796
670822709593571328,100,628
670815497391357952,1601,3249
670811965569282048,279,1157
670807719151067136,507,1179
670804601705242624,991,2019
670803562457407488,91,350
670797304698376195,246,752
670792680469889025,288,853
670789397210615808,249,676
670786190031921152,209,615
670783437142401025,410,835
670782429121134593,802,1607
670780561024270336,297,800
670778058496974848,74,336
670764103623966721,438,1101
670755717859713024,116,456
670733412878163972,528,986
670727704916926465,375,851
670717338665226240,512,1245
670704688707301377,384,783
670691627984359425,252,602
670679630144274432,297,764
670676092097810432,45,259
670668383499735048,5239,10986
670474236058800128,793,1569
670468609693655041,87,360
670465786746662913,575,994
670452855871037440,215,560
670449342516494336,695,1221
670444955656130560,2050,6874
670442337873600512,204,662
670435821946826752,540,1076
670434127938719744,671,1439
670433248821026816,118,333
670428280563085312,657,1416
670427002554466305,171,530
670421925039075328,660,1343
670420569653809152,329,642
670417414769758208,336,583
670411370698022913,936,2082
670408998013820928,233,569
670403879788544000,163,445
670385711116361728,220,576
670374371102445568,278,762
670361874861563904,69,338
670338931251150849,116,439
670319130621435904,1278,3949
670303360680108032,139,436
670290420111441920,298,725
670093938074779648,349,1059
670086499208155136,262,714
670079681849372674,1297,2274
670073503555706880,821,1608
670069087419133954,252,647
670061506722140161,353,783
670055038660800512,343,684
670046952931721218,181,661
670040295598354432,115,771
670037189829525505,289,600
670003130994700288,96,342
669993076832759809,87,333
669972011175813120,168,456
669970042633789440,63,310
669942763794931712,173,522
669926384437997569,109,385
669923323644657664,59,242
669753178989142016,418,834
669749430875258880,67,278
669683899023405056,114,398
669682095984410625,137,363
669680153564442624,300,683
669661792646373376,456,823
669625907762618368,1879,3620
669603084620980224,382,967
669597912108789760,157,525
669583744538451968,967,1525
669573570759163904,147,447
669571471778410496,1050,1625
669567591774625800,59,241
669564461267722241,128,397
669393256313184256,79,376
669375718304980992,756,1373
669371483794317312,187,509
669367896104181761,164,474
669363888236994561,237,645
669359674819481600,128,377
669354382627049472,1318,2780
669353438988365824,266,663
669351434509529089,195,452
669328503091937280,432,1033
669327207240699904,120,588
669324657376567296,214,508
669216679721873412,416,1215
669214165781868544,178,452
669203728096960512,497,1030
669037058363662336,324,678
669015743032369152,385,755
669006782128353280,260,592
669000397445533696,6601,21361
668994913074286592,242,451
668992363537309700,359,764
668989615043424256,339,696
668988183816871936,490,923
668986018524233728,173,566
668981893510119424,319,553
668979806671884288,362,811
668975677807423489,604,1338
668960084974809088,248,724
668955713004314625,74,286
668932921458302977,59,274
668902994700836864,105,326
668892474547511297,156,407
668872652652679168,310,541
668852170888998912,173,464
668826086256599040,144,447
668815180734689280,282,586
668779399630725120,382,721
668655139528511488,226,543
668645506898350081,560,915
668643542311546881,549,902
668641109086707712,558,1099
668636665813057536,505,1069
668633411083464705,1712,2885
668631377374486528,327,738
668627278264475648,118,326
668625577880875008,140,398
668623201287675904,803,1481
668620235289837568,45,209
668614819948453888,325,623
668567822092664832,59,252
668544745690562560,237,533
668542336805281792,223,473
668537837512433665,78,256
668528771708952576,233,474
668507509523615744,111,335
668496999348633600,136,421
668484198282485761,242,436
668480044826800133,153,472
668466899341221888,532,902
668297328638447616,307,634
668291999406125056,32,253
668286279830867968,142,519
668274247790391296,237,845
668268907921326080,243,565
668256321989451776,639,1335
668248472370458624,501,1014
668237644992782336,2947,6356
668226093875376128,107,306
668221241640230912,204,521
668204964695683073,200,564
668190681446379520,200,666
668171859951755264,202,504
668154635664932864,326,508
668142349051129856,296,577
668113020489474048,252,676
667937095915278337,818,1296
667924896115245057,114,307
667915453470232577,58,214
667911425562669056,313,498
667902449697558528,385,864
667886921285246976,1124,1926
667885044254572545,505,838
667878741721415682,122,400
667873844930215936,418,641
667866724293877760,1062,3055
667861340749471744,79,246
667832474953625600,63,293
667806454573760512,512,1075
667801013445750784,97,335
667793409583771648,336,713
667782464991965184,250,420
667773195014021121,58,240
667766675769573376,224,449
667728196545200128,152,382
667724302356258817,327,493
667549055577362432,2340,5891
667546741521195010,128,338
667544320556335104,538,881
667538891197542400,67,209
667534815156183040,553,832
667530908589760512,246,478
667524857454854144,1140,1728
667517642048163840,196,374
667509364010450944,2180,6879
667502640335572993,223,539
667495797102141441,280,531
667491009379606528,232,540
667470559035432960,100,259
667455448082227200,60,194
667453023279554560,91,319
667443425659232256,594,797
667437278097252352,244,452
667435689202614272,85,308
667405339315146752,222,473
667393430834667520,58,198
667369227918143488,167,373
667211855547486208,245,499
667200525029539841,265,621
667192066997374976,109,391
667188689915760640,425,755
667182792070062081,6334,14510
667177989038297088,55,193
667176164155375616,469,616
667174963120574464,84,248
667171260800061440,91,224
667165590075940865,1166,2724
667160273090932737,62,261
667152164079423490,17447,48355
667138269671505920,2254,4670
667119796878725120,128,332
667090893657276420,129,339
667073648344346624,125,408
667065535570550784,48,168
667062181243039745,55,220
667044094246576128,51,186
667012601033924608,226,453
666996132027977728,96,247
666983947667116034,996,2574
666837028449972224,560,828
666835007768551424,80,218
666826780179869698,97,256
666817836334096384,256,524
666804364988780544,94,244
666786068205871104,488,766
666781792255496192,199,391
666776908487630848,175,353
666739327293083650,66,239
666701168228331520,219,432
666691418707132416,47,190
666649482315059201,609,996
666644823164719104,83,233
666454714377183233,208,521
666447344410484738,20,105
666437273139982337,48,125
666435652385423360,53,165
666430724426358785,197,318
666428276349472768,83,165
666421158376562688,111,315
666418789513326592,46,124
666411507551481857,324,441
666407126856765440,40,108
666396247373291520,84,167
666373753744588802,92,186
666362758909284353,565,773
666353288456101888,71,219
666345417576210432,134,292
666337882303524864,90,197
666293911632134144,352,497
666287406224695296,64,146
666273097616637952,76,174
666268910803644416,35,102
666104133288665088,6515,14201
666102155909144576,12,80
666099513787052032,67,153
666094000022159362,73,163
666082916733198337,44,116
666073100786774016,163,319
666071193221509120,59,145
666063827256086533,216,471
666058600524156928,57,111
666057090499244032,141,294
666055525042405380,246,433
666051853826850816,843,1210
666050758794694657,59,132
666049248165822465,40,108
666044226329800704,139,296
666033412701032449,44,125
666029285002620928,47,128
666020888022790149,508,2549
